,VHscale,COVIDthreat,prevent_behav,trust-science,MFQ_HARM_AVGscale,MFQ_FAIRNESS_AVGscale,MFQ_INGROUP_AVGscale,MFQ_AUTHORITY_AVGscale,MFQ_PURITY_AVGscale,MFQ_PROGRESSIVISMscale
0,2.0,3.833333333,3.909090909,1.523809524,4.0,4.333333333,0.0,1.0,0.666666667,3.611111111
1,3.333333333,2.666666667,2.818181818,1.152380952,3.333333333,2.833333333,2.333333333,1.666666667,2.166666667,1.027777778
2,1.222222222,4.333333333,3.818181818,1.571428571,3.833333333,5.0,0.666666667,0.333333333,0.166666667,4.027777778
3,2.333333333,3.166666667,2.872727273,-0.428571429,3.833333333,3.166666667,2.5,3.333333333,2.166666667,0.833333333
4,1.444444444,4.833333333,3.0,1.476190476,4.333333333,4.833333333,2.0,0.833333333,0.166666667,3.583333333
5,1.111111111,4.333333333,3.909090909,1.619047619,4.833333333,4.5,1.5,1.833333333,1.0,3.222222222
6,4.333333333,2.666666667,2.090909091,0.4,5.0,4.666666667,2.5,2.5,5.0,1.5
7,3.0,3.333333333,3.272727273,0.923809524,3.333333333,2.833333333,1.833333333,1.166666667,1.666666667,1.527777778
8,2.444444444,4.166666667,3.363636364,0.085714286,4.666666667,4.0,3.333333333,4.666666667,4.5,0.166666667
9,3.222222222,3.5,2.781818182,0.380952381,3.666666667,4.0,2.666666667,3.0,2.833333333,1.0
10,1.888888889,4.166666667,3.636363636,-0.171428572,3.666666667,4.5,1.5,2.0,1.0,2.583333333
11,3.888888889,2.0,2.454545455,-0.6,4.166666667,3.333333333,3.0,2.666666667,1.5,1.361111111
12,4.888888889,3.833333333,3.909090909,-2.0,4.166666667,3.833333333,3.666666667,4.333333333,4.666666667,-0.222222222
13,4.666666667,2.666666667,2.181818182,-1.047619048,4.333333333,4.5,2.333333333,3.666666667,4.166666667,1.027777778
14,2.777777778,3.166666667,2.363636364,0.19047619,3.166666667,3.833333333,2.833333333,3.166666667,3.0,0.5
15,3.777777778,3.666666667,2.090909091,-0.523809524,2.833333333,2.166666667,2.333333333,3.333333333,3.166666667,-0.444444444
16,1.0,3.833333333,3.181818182,0.952380952,3.5,4.0,3.166666667,1.666666667,1.0,1.805555556
17,1.0,4.333333333,3.909090909,1.619047619,4.0,3.0,0.166666667,0.166666667,0.666666667,3.166666667
18,3.666666667,2.333333333,2.363636364,-0.333333333,3.333333333,3.0,2.333333333,2.0,1.833333333,1.111111111
19,1.333333333,4.333333333,3.636363636,1.857142857,4.033333333,4.166666667,3.833333333,4.0,4.666666667,2.322222222
20,3.333333333,1.666666667,2.272727273,0.523809524,2.0,3.0,1.166666667,1.5,1.833333333,1.0
21,1.777777778,4.333333333,3.454545455,1.619047619,4.166666667,4.166666667,1.166666667,0.833333333,2.166666667,2.777777778
22,3.333333333,3.5,2.818181818,0.666666667,2.833333333,3.333333333,2.5,3.166666667,3.5,0.027777778
23,1.555555556,4.0,3.636363636,1.333333333,4.666666667,3.5,1.0,2.0,1.166666667,2.694444444
24,2.777777778,4.333333333,3.727272727,1.904761905,3.5,3.333333333,0.666666667,1.666666667,1.833333333,2.027777778
25,1.888888889,3.5,3.454545455,1.142857143,3.833333333,3.833333333,1.5,2.5,4.666666667,0.944444444
26,3.555555556,2.333333333,3.0,-0.523809524,2.833333333,2.666666667,3.666666667,3.0,3.5,-0.638888889
27,3.888888889,2.333333333,2.272727273,0.809523809,2.5,2.833333333,3.666666667,2.666666667,1.666666667,4.44e-16
28,3.0,2.833333333,2.454545455,-0.00952381,1.333333333,2.0,3.5,3.166666667,1.833333333,-1.166666667
29,2.666666667,4.333333333,4.0,-0.00952381,5.0,4.5,2.333333333,2.0,2.0,2.638888889
30,3.222222222,2.666666667,2.909090909,-0.047619048,2.5,2.0,2.666666667,2.5,3.666666667,-0.694444444
31,3.0,2.0,2.090909091,0.19047619,4.333333333,3.666666667,3.166666667,4.5,3.333333333,0.333333333
32,4.333333333,1.5,2.181818182,-0.80952381,3.5,3.833333333,1.666666667,3.666666667,5.0,0.222222222
33,1.222222222,4.0,2.909090909,1.380952381,3.5,5.0,0.666666667,0.0,0.166666667,3.972222222
34,4.0,2.333333333,2.363636364,-0.476190476,2.5,3.166666667,2.833333333,2.5,3.333333333,-0.055555556
35,1.111111111,5.0,3.727272727,0.857142857,4.333333333,4.666666667,0.333333333,1.5,0.0,3.888888889
36,3.888888889,2.5,2.818181818,-0.142857143,0.166666667,0.333333333,0.666666667,1.333333333,1.0,-0.75
37,3.777777778,2.166666667,3.181818182,0.038095238,0.666666667,1.666666667,1.0,1.0,0.833333333,0.222222222
38,3.444444444,2.166666667,2.181818182,-0.666666667,3.166666667,2.833333333,3.166666667,4.166666667,3.666666667,-0.666666667
39,4.666666667,3.0,3.545454545,0.2,3.5,3.666666667,2.166666667,2.166666667,3.5,0.972222222
40,2.0,4.166666667,2.545454545,0.619047619,3.333333333,3.333333333,2.166666667,2.333333333,1.166666667,1.444444444
41,3.111111111,3.333333333,2.090909091,-0.095238095,3.5,3.166666667,2.166666667,3.5,1.666666667,0.888888889
42,2.666666667,2.833333333,3.636363636,1.285714286,4.333333333,3.833333333,3.5,2.5,1.166666667,1.694444444
43,1.666666667,4.166666667,3.818181818,0.333333333,4.333333333,4.166666667,2.333333333,3.166666667,1.733333333,1.005555555
44,1.111111111,5.166666667,3.327272727,1.857142857,4.166666667,4.333333333,1.333333333,2.666666667,0.166666667,2.861111111
45,2.888888889,2.666666667,1.727272727,0.857142857,3.833333333,3.5,2.666666667,2.8,3.333333333,1.472222222
46,2.0,4.333333333,3.727272727,0.771428571,4.166666667,3.166666667,3.333333333,2.333333333,0.833333333,1.5
47,3.0,2.166666667,3.090909091,0.619047619,1.833333333,3.5,3.0,2.666666667,1.666666667,0.222222222
48,2.0,3.833333333,2.727272727,0.19047619,5.0,4.166666667,4.166666667,3.166666667,3.166666667,1.083333333
49,2.333333333,4.666666667,3.636363636,0.857142857,4.5,4.0,1.666666667,2.5,1.166666667,2.472222222
50,3.111111111,3.5,3.636363636,-0.238095238,3.333333333,3.0,2.0,1.666666667,2.166666667,1.222222222
51,1.444444444,4.166666667,3.909090909,0.504761905,3.666666667,3.0,3.0,3.5,4.333333333,-0.277777778
52,1.0,4.333333333,4.0,1.80952381,4.666666667,3.833333333,3.166666667,3.5,1.833333333,1.416666667
53,3.666666667,3.0,2.818181818,-0.619047619,4.333333333,3.5,3.5,4.333333333,4.166666667,-0.083333333
54,2.777777778,4.333333333,2.363636364,1.761904762,2.5,2.5,2.0,1.833333333,1.666666667,0.666666667
55,2.888888889,2.833333333,2.545454545,-0.142857143,2.833333333,3.166666667,3.5,3.333333333,3.333333333,-0.388888889
56,1.555555556,4.5,3.181818182,1.095238095,4.5,2.833333333,0.833333333,2.166666667,2.333333333,1.888888889
57,2.333333333,2.666666667,2.181818182,-0.142857143,3.166666667,2.833333333,2.5,3.166666667,3.0,0.111111111
58,1.222222222,4.5,3.054545455,1.476190476,3.666666667,5.0,2.333333333,1.333333333,0.333333333,3.0
59,1.333333333,4.833333333,3.363636364,0.819047619,4.0,4.166666667,1.0,1.333333333,0.833333333,3.027777778
60,1.444444444,4.166666667,3.363636364,1.333333333,4.5,3.333333333,2.833333333,2.166666667,1.5,1.75
61,2.888888889,2.0,1.818181818,-0.142857143,2.833333333,2.833333333,1.666666667,1.833333333,1.5,1.166666667
62,1.333333333,4.166666667,3.454545455,1.80952381,4.166666667,4.5,1.0,1.833333333,1.166666667,3.0
63,1.111111111,3.833333333,2.727272727,1.238095238,2.833333333,3.166666667,2.0,2.5,0.833333333,1.222222222
64,1.444444444,3.833333333,3.818181818,0.6,3.333333333,3.333333333,1.0,0.833333333,0.666666667,2.5
65,3.111111111,1.333333333,2.909090909,0.209523809,2.833333333,3.833333333,3.666666667,1.833333333,0.666666667,1.277777778
66,3.777777778,2.833333333,2.454545455,-0.047619048,1.666666667,2.833333333,1.666666667,3.0,3.333333333,-0.416666667
67,3.222222222,3.166666667,3.272727273,0.142857143,3.166666667,3.5,1.333333333,1.0,1.333333333,2.111111111
68,3.333333333,2.5,3.090909091,-0.142857143,2.833333333,3.0,2.5,2.833333333,3.666666667,-0.083333333
69,3.222222222,2.166666667,1.636363636,0.238095238,1.666666667,2.166666667,1.5,3.0,3.166666667,-0.638888889
70,4.888888889,2.833333333,1.909090909,-1.80952381,4.0,3.833333333,3.833333333,4.0,5.0,-0.361111111
71,2.888888889,2.0,1.545454545,-0.066666667,1.166666667,2.5,2.166666667,3.0,1.0,-0.222222222
72,2.222222222,3.5,2.727272727,1.238095238,2.166666667,2.333333333,1.0,0.5,0.833333333,1.472222222
73,2.111111111,3.666666667,4.0,-0.2,4.833333333,3.666666667,2.333333333,2.333333333,1.666666667,2.138888889
74,1.333333333,4.166666667,3.454545455,0.695238095,3.666666667,4.166666667,1.666666667,2.0,1.0,2.361111111
75,3.222222222,2.833333333,1.272727273,-0.666666667,1.333333333,3.0,3.166666667,2.333333333,2.5,-0.5
76,3.333333333,3.0,3.818181818,0.285714286,3.333333333,4.166666667,1.166666667,1.5,1.5,2.361111111
77,3.777777778,2.666666667,3.454545455,-0.047619048,3.166666667,3.666666667,2.0,1.833333333,2.166666667,1.416666667
78,2.333333333,2.0,2.727272727,0.904761905,3.5,3.333333333,3.5,3.833333333,3.5,-0.194444444
79,1.555555556,4.5,3.909090909,1.095238095,3.666666667,3.166666667,2.0,2.833333333,2.5,0.972222222
80,5.0,3.166666667,2.727272727,-1.904761905,1.166666667,0.666666667,0.666666667,1.333333333,1.5,-0.25
81,3.222222222,2.166666667,2.272727273,-0.428571429,2.666666667,3.166666667,3.0,3.166666667,2.833333333,-0.083333333
82,1.111111111,4.0,3.090909091,1.714285714,4.5,4.666666667,1.666666667,0.833333333,0.333333333,3.638888889
83,1.111111111,4.5,3.727272727,1.428571429,3.833333333,4.0,3.166666667,3.666666667,2.333333333,0.861111111
84,1.0,4.333333333,4.0,1.285714286,4.0,4.0,1.5,2.333333333,4.0,1.388888889
85,1.111111111,3.333333333,3.272727273,1.438095238,3.666666667,3.833333333,0.833333333,1.5,1.166666667,2.583333333
86,2.777777778,3.166666667,2.363636364,1.066666667,3.5,2.5,1.833333333,2.666666667,1.666666667,0.944444444
87,1.444444444,3.333333333,3.545454545,1.285714286,3.166666667,3.666666667,1.5,1.666666667,0.333333333,2.25
88,1.0,4.5,3.272727273,1.476190476,3.666666667,3.666666667,2.166666667,2.833333333,1.666666667,1.444444444
89,2.777777778,2.833333333,3.636363636,-0.142857143,2.0,1.166666667,1.0,1.666666667,2.0,0.027777778
90,3.222222222,2.666666667,1.636363636,-0.523809524,3.0,1.833333333,2.333333333,2.666666667,2.5,-0.083333333
91,2.888888889,2.333333333,2.0,-0.095238095,2.5,3.166666667,1.833333333,2.5,4.166666667,-4.44e-16
92,3.666666667,1.833333333,2.545454545,-0.142857143,2.166666667,1.666666667,2.833333333,1.5,2.333333333,-0.305555556
93,2.777777778,2.833333333,2.727272727,0.171428571,3.166666667,3.0,3.333333333,3.166666667,4.833333333,-0.694444444
94,1.0,4.0,4.0,1.380952381,2.166666667,2.666666667,1.333333333,1.166666667,1.333333333,1.138888889
95,3.777777778,2.666666667,3.090909091,-0.142857143,2.333333333,2.333333333,3.166666667,2.666666667,2.5,-0.444444444
96,1.333333333,4.166666667,4.0,1.571428571,3.833333333,4.333333333,1.0,0.5,0.833333333,3.305555556
97,1.777777778,5.0,3.636363636,0.685714286,4.333333333,4.166666667,1.166666667,0.666666667,1.0,3.305555556
98,3.333333333,3.666666667,3.545454545,0.095238095,2.333333333,2.666666667,1.833333333,2.5,0.666666667,0.833333333
99,4.222222222,2.0,1.636363636,-0.238095238,1.666666667,2.666666667,2.166666667,2.666666667,3.5,-0.611111111
100,2.333333333,3.666666667,3.545454545,0.523809524,3.166666667,3.5,2.833333333,2.5,2.166666667,0.833333333
101,3.333333333,3.166666667,1.636363636,-0.571428571,2.666666667,2.333333333,2.833333333,2.833333333,2.833333333,-0.333333333
102,3.666666667,2.0,1.909090909,-0.238095238,2.166666667,2.666666667,1.833333333,2.333333333,2.166666667,0.305555556
103,4.0,1.666666667,2.090909091,0.238095238,2.0,2.833333333,2.0,3.333333333,0.833333333,0.361111111
104,1.333333333,4.333333333,4.0,0.6,4.833333333,4.666666667,0.333333333,1.666666667,1.333333333,3.638888889
105,3.666666667,3.0,1.181818182,-0.380952381,2.5,2.833333333,3.166666667,3.166666667,3.166666667,-0.5
106,3.888888889,2.5,2.818181818,-0.142857143,2.5,2.833333333,2.166666667,2.5,2.833333333,0.555555556
107,1.111111111,4.0,3.727272727,1.714285714,4.0,3.6,1.166666667,1.166666667,1.0,2.033333333
108,1.666666667,3.0,2.909090909,1.428571429,3.666666667,3.166666667,1.333333333,2.666666667,3.333333333,0.972222222
109,1.888888889,3.833333333,2.727272727,0.523809524,3.0,3.0,2.0,2.166666667,2.833333333,0.666666667
110,3.555555556,3.0,2.909090909,-0.095238095,2.666666667,3.0,2.166666667,2.166666667,3.0,0.388888889
111,1.333333333,4.0,3.636363636,1.476190476,4.333333333,3.666666667,1.666666667,1.766666667,1.333333333,1.788888889
112,3.666666667,3.0,3.363636364,-0.333333333,2.333333333,3.333333333,3.333333333,3.5,4.833333333,-1.055555556
113,3.555555556,2.0,3.818181818,-0.238095238,1.333333333,1.666666667,1.5,1.833333333,2.666666667,-0.5
114,1.555555556,4.166666667,3.272727273,1.095238095,3.333333333,3.5,2.0,2.166666667,1.333333333,1.583333333
115,3.555555556,2.0,2.363636364,-0.714285714,2.166666667,3.5,1.833333333,2.166666667,2.166666667,0.777777778
116,3.555555556,3.166666667,2.818181818,0.095238095,2.833333333,3.5,1.166666667,1.5,2.666666667,1.388888889
117,4.888888889,3.333333333,2.363636364,-0.238095238,3.5,2.333333333,2.5,1.5,2.5,0.75
118,1.666666667,4.0,3.636363636,0.580952381,3.5,3.0,1.333333333,1.166666667,1.0,2.083333333
119,3.777777778,1.833333333,2.545454545,-0.142857143,2.0,4.0,2.333333333,1.0,2.833333333,0.944444444
120,1.222222222,4.333333333,3.090909091,1.619047619,3.0,3.833333333,1.666666667,1.5,0.5,2.194444444
121,1.0,3.333333333,3.272727273,1.571428571,3.666666667,4.333333333,1.333333333,1.666666667,1.166666667,2.611111111
122,1.555555556,4.0,3.181818182,1.428571429,3.833333333,4.166666667,0.666666667,0.5,0.833333333,3.333333333
123,1.222222222,4.5,3.636363636,1.142857143,3.833333333,3.166666667,2.833333333,3.166666667,3.666666667,0.277777778
124,1.111111111,3.333333333,3.636363636,1.380952381,3.633333333,3.5,1.333333333,1.833333333,1.5,1.9
125,1.666666667,4.333333333,3.636363636,1.142857143,3.333333333,2.5,1.833333333,1.333333333,0.333333333,1.75
126,2.444444444,3.333333333,3.363636364,1.428571429,3.5,3.333333333,1.833333333,2.0,1.833333333,1.527777778
127,4.333333333,3.666666667,2.818181818,-0.095238095,4.166666667,3.666666667,3.0,2.166666667,3.833333333,0.916666667
128,1.777777778,4.333333333,3.090909091,0.714285714,1.833333333,3.366666667,1.166666667,0.666666667,1.666666667,1.25
129,4.333333333,2.0,2.727272727,0.780952381,3.833333333,3.666666667,1.833333333,2.5,4.5,0.805555556
130,1.222222222,4.333333333,3.272727273,1.952380952,5.0,5.0,1.666666667,1.166666667,1.5,3.555555556
131,2.777777778,4.0,2.909090909,-0.095238095,3.333333333,4.0,2.0,1.833333333,0.833333333,2.111111111
132,1.444444444,4.166666667,3.0,1.047619048,3.5,4.166666667,2.333333333,2.0,1.5,1.888888889
133,1.666666667,4.5,3.636363636,1.285714286,4.166666667,4.166666667,1.0,1.5,1.5,2.833333333
134,1.444444444,4.333333333,3.545454545,1.619047619,3.333333333,3.666666667,1.333333333,1.333333333,0.333333333,2.5
135,2.333333333,3.5,2.672727273,0.142857143,4.333333333,2.833333333,1.833333333,1.166666667,2.0,1.916666667
136,3.888888889,2.666666667,2.636363636,-0.857142857,3.5,2.5,3.166666667,3.833333333,4.5,-0.833333333
137,2.888888889,1.666666667,2.363636364,0.419047619,1.833333333,3.5,2.0,3.166666667,2.5,0.111111111
138,3.888888889,2.5,2.090909091,-0.047619048,2.166666667,3.333333333,1.0,2.666666667,2.0,0.861111111
139,1.333333333,4.0,3.272727273,0.619047619,3.0,3.833333333,0.666666667,2.666666667,1.0,1.972222222
140,1.666666667,4.666666667,3.727272727,1.571428571,4.0,3.833333333,0.5,2.5,2.166666667,2.194444444
141,2.0,4.333333333,3.818181818,0.952380952,3.666666667,4.333333333,0.833333333,1.0,1.0,3.055555556
142,3.666666667,2.5,2.272727273,0.857142857,2.166666667,2.666666667,2.5,3.0,3.166666667,-0.472222222
143,2.555555556,3.833333333,3.727272727,0.476190476,3.666666667,2.833333333,2.0,2.166666667,2.833333333,0.916666667
144,1.666666667,4.166666667,3.545454545,1.333333333,3.5,3.166666667,0.333333333,1.333333333,0.0,2.777777778
145,1.333333333,3.666666667,3.727272727,1.333333333,3.5,4.166666667,1.666666667,0.333333333,0.166666667,3.111111111
146,1.222222222,4.166666667,3.727272727,0.80952381,3.666666667,4.333333333,1.833333333,1.5,1.333333333,2.444444444
147,1.888888889,4.333333333,3.545454545,1.142857143,3.5,3.333333333,0.666666667,0.333333333,0.5,2.916666667
148,1.222222222,4.333333333,3.272727273,1.323809524,4.666666667,4.166666667,1.333333333,0.166666667,0.333333333,3.805555556
149,3.555555556,3.333333333,2.545454545,0.333333333,2.833333333,3.5,2.166666667,3.666666667,4.5,-0.277777778
150,2.888888889,3.333333333,3.818181818,-0.571428571,2.333333333,1.166666667,0.833333333,2.0,2.0,0.138888889
151,1.666666667,3.666666667,2.818181818,1.761904762,2.166666667,3.166666667,0.833333333,1.166666667,0.0,2.0
152,1.444444444,4.333333333,3.727272727,1.380952381,4.333333333,5.0,2.333333333,1.666666667,0.0,3.333333333
153,2.0,4.333333333,2.545454545,1.095238095,4.333333333,4.666666667,1.666666667,0.833333333,2.0,3.0
154,1.333333333,3.833333333,3.181818182,1.238095238,4.333333333,3.833333333,0.833333333,0.833333333,0.333333333,3.416666667
155,2.888888889,2.666666667,2.818181818,0.142857143,3.0,4.166666667,4.5,3.833333333,2.833333333,-0.138888889
156,4.0,2.666666667,2.636363636,0.047619048,4.333333333,3.833333333,1.5,1.0,2.333333333,2.472222222
157,1.222222222,4.5,3.181818182,1.80952381,3.166666667,4.333333333,2.0,1.833333333,1.333333333,2.027777778
158,2.777777778,3.666666667,1.818181818,0.333333333,3.0,3.5,2.833333333,2.333333333,3.166666667,0.472222222
159,4.111111111,4.5,3.818181818,-0.714285714,4.0,3.0,3.0,3.666666667,3.833333333,0.0
160,1.444444444,3.833333333,3.818181818,1.904761905,3.833333333,3.166666667,1.0,0.833333333,0.333333333,2.777777778
161,1.111111111,4.5,3.636363636,1.80952381,4.166666667,4.5,2.833333333,2.5,1.166666667,2.166666667
162,3.555555556,2.666666667,1.181818182,-0.714285714,0.0,1.666666667,2.833333333,2.166666667,0.833333333,-1.111111111
163,3.444444444,2.5,2.181818182,0.238095238,3.0,3.333333333,2.166666667,1.0,1.166666667,1.722222222
164,3.555555556,2.666666667,2.272727273,-0.285714286,2.5,3.333333333,1.666666667,2.166666667,1.666666667,1.083333333
165,3.222222222,2.833333333,3.090909091,-0.285714286,2.0,2.666666667,2.0,2.833333333,0.5,0.555555556
166,3.111111111,2.166666667,1.818181818,0.457142857,4.0,3.3,3.5,2.5,3.333333333,1.355555556
167,3.111111111,3.0,3.090909091,-0.285714286,3.833333333,3.5,2.1,2.5,2.5,0.827777778
168,1.222222222,4.0,3.363636364,1.666666667,3.666666667,3.833333333,2.0,2.333333333,0.5,2.138888889
169,2.333333333,3.666666667,3.0,0.952380952,4.166666667,3.166666667,1.833333333,2.666666667,2.666666667,1.277777778
170,1.333333333,4.0,2.818181818,1.142857143,3.833333333,4.666666667,3.333333333,3.333333333,3.333333333,0.916666667
171,1.888888889,3.666666667,3.454545455,0.666666667,3.333333333,3.333333333,2.333333333,3.0,4.333333333,0.111111111
172,1.333333333,4.5,3.272727273,1.142857143,4.0,4.0,0.333333333,0.5,0.833333333,3.444444444
173,1.888888889,3.666666667,3.636363636,0.780952381,3.833333333,4.166666667,1.166666667,2.5,2.666666667,1.888888889
174,1.444444444,4.333333333,4.0,0.771428571,2.5,3.666666667,0.0,1.166666667,0.5,2.527777778
175,2.222222222,3.166666667,2.363636364,1.095238095,2.666666667,3.0,2.0,1.833333333,0.5,1.388888889
176,2.888888889,3.333333333,3.363636364,0.0,3.833333333,3.0,1.5,1.5,0.5,2.25
177,1.111111111,4.0,3.545454545,0.952380952,4.333333333,4.166666667,1.333333333,3.166666667,1.5,2.25
178,3.111111111,2.833333333,2.181818182,-0.238095238,2.333333333,4.166666667,2.833333333,2.833333333,4.0,0.027777778
179,4.555555556,2.833333333,2.0,-0.761904762,1.833333333,2.0,1.666666667,2.333333333,4.0,-0.75
180,1.444444444,3.5,3.454545455,0.80952381,3.866666667,3.666666667,3.0,3.0,2.333333333,1.316666667
181,3.111111111,3.166666667,2.090909091,1.0,3.5,3.0,2.833333333,3.166666667,4.0,-0.083333333
182,2.666666667,3.833333333,3.636363636,0.476190476,4.166666667,4.0,2.833333333,2.666666667,2.666666667,1.361111111
183,1.111111111,4.5,4.0,1.80952381,3.666666667,3.766666667,0.666666667,2.5,0.166666667,1.477777778
184,2.777777778,4.333333333,3.636363636,1.238095238,4.666666667,4.666666667,3.5,3.833333333,1.666666667,1.666666667
185,1.444444444,3.5,3.545454545,1.619047619,3.333333333,3.666666667,1.5,1.333333333,1.5,2.055555556
186,1.333333333,4.166666667,3.636363636,0.971428571,3.5,4.5,0.333333333,0.0,0.0,3.888888889
187,3.666666667,4.166666667,2.818181818,-0.285714286,2.333333333,2.666666667,1.633333333,2.166666667,1.4,2.244444445
188,3.333333333,2.0,2.272727273,0.6,3.5,3.0,2.666666667,3.166666667,4.333333333,-0.138888889
189,4.222222222,1.833333333,2.181818182,0.19047619,2.333333333,3.333333333,2.166666667,2.5,1.833333333,0.666666667
190,1.888888889,4.166666667,3.0,-0.028571429,3.166666667,4.5,0.833333333,0.0,0.166666667,3.5
191,3.444444444,2.166666667,3.0,-0.285714286,2.166666667,1.833333333,0.5,1.166666667,2.333333333,0.666666667
192,2.333333333,2.666666667,3.0,0.714285714,1.833333333,2.0,2.5,2.833333333,3.333333333,-0.972222222
193,4.0,3.166666667,2.454545455,-0.80952381,4.0,4.833333333,2.166666667,0.5,0.666666667,3.305555556
194,3.555555556,3.0,3.818181818,-0.285714286,4.333333333,3.833333333,3.0,3.166666667,3.833333333,0.75
195,1.222222222,4.166666667,3.363636364,0.523809524,3.333333333,4.0,1.166666667,0.833333333,0.0,3.0
196,2.577777778,4.333333333,3.545454545,0.133333333,3.0,3.0,2.333333333,3.333333333,2.833333333,0.166666667
197,3.444444444,3.333333333,2.818181818,-0.476190476,3.833333333,3.666666667,3.166666667,4.0,4.333333333,-0.083333333
198,1.444444444,4.333333333,3.454545455,1.80952381,3.833333333,3.166666667,1.166666667,2.666666667,0.0,2.222222222
199,3.222222222,2.833333333,2.454545455,-0.904761905,2.666666667,2.333333333,2.166666667,3.0,2.666666667,-0.111111111
200,3.777777778,3.0,1.818181818,-0.523809524,2.833333333,2.333333333,2.666666667,1.166666667,2.0,0.638888889
201,1.333333333,4.666666667,3.818181818,1.333333333,5.0,4.333333333,2.166666667,1.166666667,2.0,2.888888889
202,3.888888889,4.666666667,3.636363636,-1.666666667,3.166666667,3.666666667,2.666666667,3.0,5.0,-0.138888889
203,1.0,2.833333333,1.818181818,-0.180952381,5.0,4.166666667,3.5,3.666666667,3.166666667,1.138888889
204,2.222222222,4.666666667,3.545454545,0.476190476,3.666666667,4.166666667,2.0,2.166666667,3.166666667,1.472222222
205,3.022222222,3.166666667,2.272727273,-1.047619048,3.333333333,2.666666667,2.333333333,3.166666667,3.666666667,-0.055555556
206,3.222222222,3.666666667,3.090909091,0.0,2.5,2.666666667,1.833333333,2.333333333,2.333333333,0.416666667
207,1.888888889,4.333333333,3.909090909,0.666666667,3.666666667,3.166666667,2.166666667,1.5,3.0,1.194444444
208,3.333333333,2.166666667,2.0,-0.047619048,1.5,4.833333333,1.0,2.333333333,1.333333333,1.611111111
209,1.0,4.333333333,3.181818182,1.523809524,4.0,4.5,1.833333333,1.5,1.5,2.638888889
210,1.333333333,3.833333333,3.454545455,1.428571429,3.666666667,4.333333333,0.333333333,1.833333333,0.833333333,3.0
211,2.666666667,2.166666667,2.363636364,0.380952381,3.666666667,3.166666667,2.166666667,0.5,1.5,2.027777778
212,4.444444444,3.0,1.545454545,0.380952381,3.833333333,4.666666667,1.0,2.166666667,1.666666667,2.638888889
213,1.777777778,3.833333333,3.363636364,1.714285714,3.166666667,3.5,2.166666667,2.833333333,3.5,0.5
214,2.555555556,2.666666667,2.636363636,0.80952381,2.0,2.333333333,1.666666667,2.833333333,0.833333333,0.388888889
215,4.444444444,1.833333333,1.818181818,0.628571429,2.166666667,3.5,2.333333333,1.5,2.333333333,0.777777778
216,3.555555556,3.0,2.545454545,-0.523809524,3.333333333,2.666666667,3.0,3.666666667,4.0,-0.555555556
217,1.333333333,4.833333333,3.909090909,0.761904762,2.333333333,1.5,2.0,3.0,3.5,-0.916666667
218,4.0,3.0,2.636363636,0.447619048,3.5,3.666666667,2.833333333,1.333333333,2.166666667,1.472222222
219,2.8,4.5,3.272727273,0.761904762,3.166666667,4.333333333,2.0,2.5,1.166666667,1.861111111
220,1.222222222,4.333333333,3.454545455,1.047619048,4.333333333,3.833333333,1.166666667,1.666666667,1.0,2.805555556
221,3.0,2.666666667,2.745454545,0.123809524,2.0,2.0,2.0,2.0,2.0,0.0
222,2.555555556,3.0,2.818181818,0.142857143,4.5,4.166666667,1.833333333,2.833333333,3.5,1.611111111
223,3.422222222,1.833333333,1.545454545,-0.80952381,0.666666667,2.5,2.166666667,2.166666667,2.333333333,-0.638888889
224,3.555555556,4.666666667,3.181818182,0.457142857,2.166666667,3.666666667,2.0,2.166666667,2.5,0.694444444
225,2.888888889,2.166666667,2.363636364,0.066666667,1.666666667,1.166666667,2.0,1.833333333,2.0,-0.527777778
226,1.666666667,3.666666667,3.454545455,1.0,3.5,3.5,2.333333333,4.5,4.5,-0.277777778
227,1.444444444,4.0,3.090909091,0.904761905,4.166666667,4.0,1.5,0.833333333,0.5,3.138888889
228,3.666666667,2.166666667,1.636363636,-0.904761905,2.666666667,3.166666667,3.666666667,3.5,2.833333333,-0.416666667
229,1.222222222,3.5,3.454545455,1.80952381,3.333333333,3.0,1.666666667,1.833333333,0.333333333,1.888888889
230,4.111111111,4.0,4.0,0.095238095,1.5,2.666666667,1.166666667,1.5,0.833333333,0.916666667
231,1.777777778,5.0,3.727272727,1.523809524,3.833333333,3.666666667,1.0,0.5,3.333333333,2.138888889
232,1.333333333,3.833333333,3.454545455,1.047619048,3.0,4.333333333,1.0,0.333333333,0.333333333,3.111111111
233,1.777777778,4.5,3.818181818,1.523809524,3.833333333,3.833333333,0.666666667,2.0,0.333333333,2.833333333
234,1.444444444,3.5,3.363636364,1.619047619,2.166666667,4.0,2.333333333,1.0,0.166666667,1.916666667
235,1.444444444,3.5,3.727272727,0.333333333,3.0,3.8,1.5,2.166666667,1.166666667,1.722222222
236,1.777777778,4.5,3.818181818,0.761904762,4.0,4.0,2.5,2.333333333,1.5,1.888888889
237,2.222222222,3.833333333,4.0,0.857142857,4.333333333,3.666666667,2.833333333,3.0,2.666666667,1.166666667
238,4.222222222,3.166666667,2.909090909,-0.857142857,4.333333333,2.5,1.833333333,2.833333333,3.833333333,0.583333333
239,1.666666667,3.233333333,3.818181818,0.047619048,4.166666667,4.333333333,2.333333333,2.833333333,3.0,1.527777778
240,3.333333333,2.333333333,2.654545454,-0.142857143,3.333333333,3.166666667,2.666666667,3.666666667,2.333333333,0.361111111
241,2.555555556,2.333333333,2.636363636,-2e-10,2.666666667,3.666666667,3.166666667,3.833333333,4.166666667,-0.555555556
242,3.666666667,2.5,2.545454545,-0.380952381,3.0,3.5,3.333333333,3.166666667,4.5,-0.416666667
243,3.333333333,3.166666667,1.636363636,0.238095238,3.0,3.5,3.666666667,2.5,2.166666667,0.472222222
244,1.666666667,4.0,3.636363636,0.571428571,3.666666667,3.5,1.333333333,3.666666667,4.333333333,0.472222222
245,3.444444444,2.333333333,2.636363636,-0.285714286,3.0,4.333333333,2.833333333,4.166666667,3.666666667,0.111111111
246,1.888888889,3.666666667,2.909090909,0.666666667,3.666666667,4.0,0.833333333,0.333333333,0.666666667,3.222222222
247,3.888888889,2.666666667,1.0,-1.714285714,3.166666667,2.0,3.166666667,3.666666667,4.5,-1.194444444
248,1.0,4.5,3.272727273,2.0,4.166666667,4.666666667,1.666666667,1.166666667,0.166666667,3.416666667
249,2.088888889,4.166666667,3.181818182,0.619047619,3.166666667,2.833333333,3.0,3.666666667,3.833333333,-0.5
250,3.444444444,3.333333333,2.363636364,-0.19047619,4.166666667,3.5,2.0,2.833333333,1.833333333,1.611111111
251,1.844444444,2.166666667,3.272727273,0.771428571,4.0,3.833333333,2.833333333,3.0,3.0,0.972222222
252,1.777777778,4.0,3.363636364,0.714285714,3.666666667,3.166666667,3.0,3.166666667,3.5,0.194444444
253,1.777777778,4.833333333,3.545454545,1.19047619,3.5,3.166666667,1.333333333,3.666666667,1.333333333,1.222222222
254,1.222222222,4.333333333,3.909090909,1.523809524,4.166666667,4.5,1.666666667,2.333333333,3.5,1.833333333
255,4.444444444,6.0,3.818181818,0.961904762,5.0,4.166666667,4.0,5.0,5.0,-0.083333333
256,2.777777778,4.166666667,3.181818182,0.380952381,2.166666667,3.833333333,2.166666667,1.833333333,0.5,1.5
257,1.111111111,4.0,3.181818182,1.761904762,3.166666667,3.666666667,2.5,3.666666667,2.0,0.694444444
258,2.0,4.0,3.363636364,1.0,3.5,3.333333333,1.833333333,2.166666667,2.333333333,1.305555556
259,2.444444444,4.666666667,3.272727273,0.714285714,4.166666667,4.5,1.5,1.833333333,2.0,2.555555556
260,3.111111111,3.333333333,3.545454545,0.666666667,4.333333333,4.0,2.5,2.333333333,2.833333333,1.611111111
261,3.333333333,3.166666667,3.090909091,-0.285714286,4.0,3.166666667,2.833333333,3.5,4.166666667,0.083333333
262,1.333333333,3.833333333,4.0,0.323809524,4.333333333,4.166666667,1.666666667,2.666666667,1.833333333,2.194444444
263,3.666666667,2.666666667,3.181818182,-0.476190476,4.0,4.0,3.666666667,4.333333333,3.666666667,0.111111111
264,3.222222222,4.0,2.818181818,-0.476190476,3.5,3.0,3.166666667,3.5,4.166666667,-0.361111111
265,2.666666667,2.333333333,2.727272727,0.266666667,2.666666667,3.333333333,0.333333333,2.166666667,0.666666667,1.944444444
266,2.222222222,4.833333333,3.418181818,0.904761905,4.666666667,3.666666667,3.5,3.666666667,3.666666667,0.555555556
267,2.0,4.333333333,3.909090909,0.590476191,3.833333333,3.833333333,1.333333333,3.5,2.666666667,1.333333333
268,1.555555556,4.333333333,4.0,0.876190476,4.666666667,4.333333333,2.166666667,1.833333333,1.833333333,2.555555556
269,3.555555556,3.5,2.818181818,0.876190476,4.0,3.666666667,3.0,3.0,2.133333333,1.661111111
270,1.333333333,4.5,3.636363636,1.142857143,3.666666667,4.833333333,2.5,1.333333333,0.5,2.805555556
271,2.333333333,3.5,2.454545455,1.380952381,3.166666667,3.166666667,1.833333333,2.5,2.0,1.055555556
272,1.444444444,4.5,2.981818182,1.095238095,3.5,4.0,2.833333333,4.0,4.5,-0.027777778
273,1.666666667,4.166666667,3.727272727,1.428571429,4.5,4.0,2.333333333,1.833333333,1.0,2.527777778
274,1.555555556,4.333333333,3.909090909,1.0,4.0,3.666666667,2.833333333,3.333333333,3.166666667,0.722222222
275,4.0,3.0,2.0,0.771428572,3.833333333,2.5,2.833333333,3.5,3.5,-0.111111111
276,1.888888889,4.666666667,3.363636364,0.523809524,3.833333333,4.166666667,2.0,1.833333333,1.666666667,2.166666667
277,1.555555556,3.666666667,3.727272727,1.095238095,3.9,3.833333333,1.666666667,2.0,2.666666667,1.483333333
278,3.555555556,3.5,2.727272727,-0.19047619,2.833333333,2.666666667,1.5,3.333333333,3.0,0.138888889
279,3.777777778,4.0,3.454545455,0.761904762,3.333333333,4.333333333,2.0,2.333333333,0.833333333,2.111111111
280,3.222222222,2.333333333,2.090909091,0.571428571,1.333333333,3.666666667,1.166666667,0.5,0.166666667,1.888888889
281,2.111111111,4.166666667,3.545454545,0.714285714,3.5,3.0,2.5,2.833333333,4.833333333,-0.138888889
282,1.111111111,4.333333333,3.909090909,1.80952381,4.666666667,4.5,3.5,3.333333333,3.0,1.305555556
283,3.0,5.0,3.163636364,0.095238095,3.0,3.0,2.166666667,2.333333333,1.5,1.0
284,1.444444444,3.833333333,3.454545455,1.285714286,3.833333333,4.166666667,2.0,1.333333333,1.0,2.555555556
285,2.444444444,4.0,3.818181818,0.857142857,4.166666667,4.166666667,2.333333333,3.0,2.833333333,1.444444444
286,3.666666667,3.833333333,3.545454545,0.752380952,2.5,1.666666667,0.833333333,0.833333333,0.0,1.527777778
287,3.444444444,2.5,1.454545455,-0.095238095,3.166666667,3.333333333,3.0,4.0,4.333333333,-0.527777778
288,1.111111111,5.0,3.909090909,1.19047619,4.0,4.166666667,1.833333333,2.333333333,1.166666667,2.305555556
289,1.222222222,3.833333333,3.363636364,1.285714286,3.333333333,3.333333333,1.833333333,2.333333333,1.833333333,1.333333333
290,4.222222222,2.166666667,2.272727273,-0.476190476,1.666666667,3.0,1.5,1.5,0.666666667,1.111111111
291,1.777777778,4.5,3.727272727,1.047619048,4.333333333,4.666666667,1.0,1.833333333,3.166666667,2.5
292,1.777777778,3.666666667,3.454545455,1.19047619,2.5,3.666666667,1.0,1.5,0.0,2.25
293,1.333333333,3.5,3.545454545,1.428571429,4.333333333,4.0,0.333333333,1.666666667,0.666666667,3.277777778
294,3.777777778,2.833333333,3.090909091,0.361904762,4.166666667,4.0,1.166666667,4.166666667,2.5,1.472222222
295,1.444444444,4.333333333,4.0,1.571428571,3.166666667,2.833333333,0.333333333,1.166666667,0.333333333,2.388888889
296,3.444444444,3.333333333,2.909090909,0.476190476,4.166666667,4.0,3.5,3.333333333,3.0,0.805555556
297,1.666666667,4.333333333,3.545454545,1.666666667,4.166666667,4.0,1.0,1.666666667,0.166666667,3.138888889
298,1.111111111,3.833333333,4.0,1.333333333,2.833333333,3.166666667,0.833333333,1.333333333,0.5,2.111111111
299,3.222222222,4.0,3.636363636,1.571428571,2.333333333,3.166666667,1.333333333,1.833333333,1.666666667,1.138888889
300,2.0,4.0,3.272727273,1.428571429,3.5,3.666666667,1.5,2.333333333,1.833333333,1.694444444
301,1.444444444,4.333333333,3.545454545,0.904761905,3.666666667,4.333333333,1.333333333,0.833333333,0.666666667,3.055555556
302,4.111111111,2.833333333,2.181818182,-0.095238095,4.5,4.166666667,2.0,1.5,2.833333333,2.222222222
303,1.111111111,4.5,3.636363636,0.904761905,4.333333333,3.833333333,1.833333333,2.333333333,1.166666667,2.305555556
304,1.555555556,4.166666667,3.727272727,1.285714286,3.5,3.666666667,2.5,1.833333333,0.833333333,1.861111111
305,1.222222222,4.333333333,3.909090909,0.980952381,4.666666667,4.166666667,1.833333333,2.666666667,2.966666667,1.255555556
306,2.0,4.066666667,3.272727273,0.571428571,4.833333333,4.333333333,2.5,2.333333333,3.5,1.805555556
307,1.333333333,4.166666667,3.181818182,0.714285714,4.166666667,4.166666667,2.166666667,3.5,4.166666667,0.888888889
308,3.222222222,3.166666667,2.636363636,-0.180952381,3.833333333,3.666666667,2.666666667,4.0,4.5,0.027777778
309,4.0,2.166666667,3.0,-0.619047619,2.166666667,3.666666667,2.0,3.0,3.833333333,-0.027777778
310,3.333333333,2.833333333,2.272727273,-0.333333333,3.166666667,3.0,3.0,2.933333333,3.233333333,0.294444444
311,3.888888889,3.166666667,1.545454545,-1.238095238,2.833333333,2.333333333,3.5,3.833333333,3.666666667,-1.083333333
312,3.0,2.833333333,2.090909091,-0.714285714,3.5,2.5,2.666666667,2.666666667,3.833333333,-0.055555556
313,1.333333333,4.166666667,3.545454545,1.714285714,4.5,4.666666667,1.666666667,3.666666667,3.333333333,1.694444444
314,1.0,4.5,4.0,0.857142857,4.166666667,4.166666667,0.666666667,3.833333333,2.0,2.0
315,1.666666667,3.5,3.363636364,0.904761905,4.0,4.666666667,1.5,1.333333333,0.5,3.222222222
316,1.555555556,3.666666667,3.909090909,1.152380952,3.166666667,3.5,0.666666667,1.166666667,0.333333333,2.611111111
317,1.333333333,4.333333333,3.363636364,1.361904762,4.833333333,4.333333333,2.166666667,1.666666667,1.333333333,2.861111111
318,3.555555556,1.0,2.090909091,0.476190476,2.333333333,3.766666667,3.833333333,3.833333333,3.0,2.727777778
319,1.777777778,3.833333333,3.818181818,1.028571429,4.5,3.166666667,2.0,3.333333333,2.333333333,1.277777778
320,1.444444444,4.166666667,3.727272727,1.80952381,3.166666667,2.0,0.833333333,1.0,0.5,1.805555556
321,1.333333333,4.666666667,3.818181818,1.904761905,4.833333333,5.0,1.166666667,0.333333333,0.333333333,4.305555556
322,3.444444444,2.666666667,1.181818182,0.047619048,3.0,3.166666667,2.333333333,2.866666667,2.333333333,1.566666667
323,1.777777778,2.666666667,4.0,1.076190476,4.666666667,4.0,0.833333333,1.0,0.166666667,3.666666667
324,1.777777778,4.0,3.6,1.19047619,3.166666667,3.0,1.5,1.833333333,0.666666667,1.75
325,2.0,4.166666667,3.181818182,1.714285714,4.166666667,3.666666667,3.166666667,3.166666667,3.666666667,0.583333333
326,1.111111111,3.333333333,3.454545455,1.285714286,4.0,4.5,1.166666667,2.166666667,0.5,2.972222222
327,3.777777778,2.5,2.090909091,-0.380952381,2.333333333,2.5,2.166666667,3.166666667,3.0,-0.361111111
328,2.0,4.0,3.545454545,1.047619048,3.8,4.5,2.333333333,2.666666667,3.5,1.961111111
329,3.555555556,3.0,3.181818182,0.19047619,3.5,2.833333333,2.833333333,3.0,2.5,0.388888889
330,4.222222222,3.5,3.454545455,-0.476190476,3.666666667,3.833333333,3.0,3.166666667,4.666666667,0.138888889
331,2.222222222,4.166666667,3.454545455,0.904761905,4.0,3.833333333,2.5,3.0,2.5,1.25
332,2.111111111,4.333333333,3.909090909,1.0,3.666666667,4.5,1.5,0.666666667,0.333333333,3.25
333,1.111111111,4.5,3.545454545,1.714285714,3.5,3.833333333,1.5,2.833333333,1.333333333,1.777777778
334,1.444444444,4.166666667,3.545454545,1.285714286,3.666666667,4.166666667,0.666666667,1.166666667,0.333333333,3.194444444
335,1.555555556,4.333333333,4.0,1.428571429,3.666666667,4.166666667,2.833333333,3.0,1.5,1.472222222
336,1.333333333,4.333333333,3.818181818,1.333333333,3.666666667,3.166666667,1.0,2.0,2.0,1.75
337,1.666666667,4.666666667,3.818181818,1.80952381,3.333333333,3.166666667,2.0,2.5,1.166666667,1.361111111
338,1.666666667,5.0,3.727272727,1.238095238,3.166666667,3.0,0.833333333,1.166666667,0.166666667,2.361111111
339,3.0,2.333333333,3.0,0.142857143,3.166666667,2.666666667,2.666666667,2.5,3.333333333,0.083333333
340,1.333333333,4.5,3.818181818,1.476190476,3.166666667,3.5,2.666666667,4.333333333,3.666666667,-0.222222222
341,1.444444444,4.5,3.727272727,1.571428571,3.833333333,4.666666667,2.333333333,1.166666667,0.833333333,2.805555556
342,4.444444444,3.666666667,2.181818182,1.123809524,3.833333333,2.5,3.166666667,3.666666667,3.666666667,-0.333333333
343,1.222222222,4.333333333,4.0,1.523809524,3.666666667,3.833333333,1.333333333,1.0,0.166666667,2.916666667
344,3.222222222,4.0,3.090909091,0.857142857,3.5,3.5,3.5,4.0,4.833333333,-0.611111111
345,1.111111111,4.166666667,3.727272727,0.904761905,4.166666667,4.333333333,2.5,2.5,1.833333333,1.972222222
346,1.444444444,4.333333333,4.0,1.523809524,3.5,4.166666667,3.0,3.666666667,3.166666667,0.555555556
347,4.0,3.166666667,2.909090909,0.142857143,3.333333333,3.833333333,3.0,3.0,3.0,0.583333333
348,1.555555556,4.166666667,3.636363636,1.761904762,4.166666667,3.833333333,2.666666667,2.0,2.333333333,1.666666667
349,1.333333333,4.166666667,4.0,1.285714286,3.833333333,3.333333333,1.5,1.833333333,1.166666667,2.083333333
350,1.333333333,4.166666667,3.909090909,1.238095238,4.0,3.5,2.5,2.333333333,2.0,1.472222222
351,1.111111111,4.333333333,3.909090909,1.761904762,3.833333333,3.833333333,0.333333333,1.333333333,1.5,2.777777778
352,1.266666667,3.833333333,3.636363636,1.857142857,4.833333333,4.5,2.166666667,3.166666667,1.166666667,2.5
353,3.888888889,3.833333333,3.0,-0.142857143,3.666666667,3.333333333,1.166666667,2.0,1.166666667,0.361111111
354,3.111111111,2.833333333,1.909090909,-0.428571429,3.5,2.666666667,2.333333333,4.333333333,3.666666667,-0.361111111
355,2.444444444,3.166666667,3.181818182,-0.19047619,4.0,3.333333333,3.333333333,3.333333333,4.0,0.111111111
356,4.555555556,2.666666667,2.090909091,-1.714285714,3.5,4.333333333,3.333333333,3.333333333,2.833333333,0.75
357,1.666666667,4.833333333,3.363636364,0.571428571,4.0,4.0,2.166666667,2.333333333,2.166666667,1.777777778
358,1.0,4.666666667,3.363636364,1.761904762,4.166666667,3.833333333,3.5,4.166666667,3.666666667,0.222222222
359,1.888888889,3.5,3.909090909,1.285714286,4.5,3.833333333,1.5,3.0,2.0,2.0
360,3.111111111,2.333333333,1.272727273,-1.285714286,1.666666667,1.666666667,2.333333333,3.833333333,3.0,-1.388888889
361,1.222222222,4.833333333,3.545454545,1.457142857,4.5,4.166666667,1.166666667,2.333333333,0.833333333,2.888888889
362,1.0,4.0,3.818181818,1.666666667,4.5,4.5,2.833333333,2.833333333,2.666666667,1.722222222
363,1.444444444,4.166666667,3.909090909,1.714285714,3.5,2.833333333,1.5,1.0,1.5,1.833333333
364,1.444444444,4.333333333,3.454545455,0.857142857,3.5,2.833333333,0.166666667,0.833333333,0.5,2.666666667
365,3.555555556,3.333333333,2.909090909,-0.523809524,3.666666667,3.833333333,3.333333333,3.666666667,2.666666667,0.527777778
366,3.222222222,3.0,3.363636364,0.285714286,4.333333333,3.5,1.166666667,1.833333333,1.833333333,2.305555556
367,1.222222222,4.333333333,3.545454545,1.857142857,4.833333333,4.666666667,0.833333333,1.5,0.666666667,3.75
368,2.222222222,4.166666667,3.909090909,0.942857143,3.333333333,3.333333333,3.0,3.0,2.666666667,0.444444444
369,1.444444444,4.666666667,3.272727273,1.761904762,4.166666667,3.166666667,2.833333333,4.166666667,3.666666667,0.111111111
370,1.444444444,3.833333333,3.636363636,1.123809524,4.0,3.333333333,0.833333333,0.833333333,2.0,2.444444444
371,4.0,3.0,2.090909091,-1.238095238,3.0,3.666666667,2.833333333,2.333333333,2.666666667,0.722222222
372,1.444444444,4.333333333,4.0,1.285714286,4.5,3.5,2.333333333,2.0,2.666666667,1.666666667
373,1.222222222,3.666666667,3.272727273,1.952380952,4.666666667,4.5,2.0,2.833333333,1.5,2.472222222
374,1.222222222,4.333333333,1.909090909,0.523809524,3.833333333,4.0,1.5,1.333333333,2.0,2.305555556
375,1.666666667,4.333333333,3.545454545,1.19047619,4.5,3.333333333,0.833333333,2.666666667,1.5,2.25
376,2.888888889,4.0,3.636363636,0.285714286,3.833333333,3.5,2.5,2.833333333,2.5,1.055555556
377,1.777777778,5.166666667,4.0,0.80952381,4.166666667,4.0,2.333333333,3.666666667,3.0,1.083333333
378,1.733333333,4.166666667,3.818181818,0.952380952,4.5,4.0,1.333333333,1.666666667,3.333333333,2.138888889
379,1.333333333,4.5,3.690909091,0.952380953,4.333333333,3.5,3.5,2.866666667,3.5,1.411111111
380,1.333333333,4.666666667,3.818181818,1.095238095,4.5,4.166666667,1.833333333,2.333333333,1.5,2.444444444
381,1.444444444,4.5,3.581818182,1.666666667,4.0,4.0,3.833333333,3.833333333,3.333333333,0.333333333
382,2.0,4.166666667,3.181818182,0.904761905,4.166666667,4.333333333,2.0,1.666666667,2.0,2.361111111
383,1.333333333,4.333333333,3.672727273,0.80952381,3.0,2.666666667,1.666666667,1.833333333,2.166666667,0.944444444
384,1.777777778,3.833333333,3.545454545,0.942857143,3.833333333,3.666666667,1.166666667,1.833333333,0.333333333,2.638888889
385,1.666666667,4.666666667,4.0,0.619047619,3.833333333,4.166666667,2.166666667,2.1,1.566666667,2.066666666
386,4.888888889,1.0,2.090909091,-1.142857143,2.666666667,3.333333333,1.5,3.166666667,2.666666667,0.555555556
387,1.666666667,4.333333333,3.727272727,1.285714286,4.5,3.833333333,2.0,2.833333333,1.833333333,1.944444444
388,1.444444444,4.166666667,3.909090909,1.333333333,3.833333333,2.833333333,2.5,2.5,1.666666667,1.111111111
389,1.222222222,4.333333333,3.454545455,1.571428571,3.333333333,3.166666667,1.0,1.666666667,1.333333333,1.916666667
390,1.511111111,4.333333333,3.818181818,1.238095238,3.6,4.666666667,1.666666667,2.333333333,1.666666667,1.511111111
391,1.888888889,3.333333333,3.545454545,1.142857143,1.5,2.333333333,0.833333333,2.166666667,2.666666667,0.027777778
392,3.888888889,3.166666667,3.490909091,0.276190476,3.0,2.666666667,2.066666667,3.5,4.333333333,1.211111111
393,1.0,4.0,3.818181818,1.504761905,4.833333333,4.833333333,2.833333333,2.5,1.5,2.555555556
394,1.666666667,3.5,4.0,1.714285714,3.666666667,4.0,3.166666667,3.5,3.0,0.611111111
395,1.222222222,4.5,3.672727273,1.80952381,4.333333333,4.833333333,1.666666667,2.0,1.333333333,2.916666667
396,1.666666667,2.666666667,3.818181818,1.152380952,4.5,4.5,0.833333333,2.7,1.0,1.811111111
397,1.444444444,4.0,3.272727273,1.619047619,4.0,4.0,3.166666667,3.166666667,2.833333333,0.944444444
398,3.444444444,2.333333333,3.727272727,-0.476190476,4.0,4.0,3.0,2.333333333,3.5,1.222222222
399,1.111111111,4.0,3.727272727,1.095238095,4.833333333,3.333333333,2.0,2.333333333,1.833333333,2.027777778
400,1.888888889,4.166666667,3.618181818,1.714285714,4.166666667,4.833333333,3.166666667,2.333333333,1.333333333,2.222222222
401,1.555555556,4.333333333,3.545454545,0.80952381,2.5,3.666666667,2.166666667,3.0,1.166666667,0.972222222
402,1.222222222,4.333333333,3.545454545,1.180952381,3.5,2.833333333,2.333333333,2.833333333,2.333333333,0.666666667
403,1.777777778,4.0,3.818181818,0.952380952,4.0,4.0,0.666666667,2.166666667,1.0,2.722222222
404,1.111111111,4.333333333,3.727272727,1.333333333,3.5,2.666666667,1.666666667,1.666666667,1.833333333,1.361111111
405,1.444444444,4.333333333,3.727272727,1.114285714,4.166666667,3.666666667,0.5,1.166666667,0.833333333,3.083333333
406,1.666666667,4.333333333,3.781818182,1.571428571,4.666666667,3.833333333,2.666666667,0.833333333,0.0,3.083333333
407,3.555555556,3.966666666,1.909090909,-1.285714286,2.5,2.333333333,2.833333333,3.166666667,3.5,-0.75
408,1.422222222,4.0,3.727272727,1.285714286,4.5,4.0,1.266666667,2.833333333,1.666666667,2.277777778
409,2.0,4.333333333,2.727272727,0.428571429,3.833333333,3.333333333,1.833333333,1.5,0.666666667,2.25
410,1.333333333,4.5,3.909090909,1.171428572,4.833333333,4.333333333,1.333333333,2.333333333,2.666666667,2.472222222
411,1.444444444,4.5,3.636363636,1.0,4.0,3.833333333,2.166666667,2.333333333,2.0,1.75
412,1.333333333,4.5,4.0,1.80952381,4.0,3.5,1.166666667,4.0,2.166666667,1.305555556
413,1.555555556,4.333333333,3.363636364,1.333333333,3.5,4.5,2.666666667,3.0,2.666666667,1.222222222
414,2.0,3.833333333,3.581818182,1.619047619,4.0,3.333333333,1.833333333,1.333333333,0.666666667,2.388888889
415,1.555555556,3.166666667,3.909090909,0.857142857,4.5,3.833333333,2.166666667,3.0,2.5,1.611111111
416,1.822222222,4.333333333,3.4,0.923809524,4.666666667,4.833333333,1.666666667,2.833333333,0.833333333,2.972222222
417,1.222222222,4.166666667,3.0,1.047619048,4.5,4.0,1.0,2.5,0.666666667,2.861111111
418,1.555555556,4.333333333,3.818181818,0.761904762,3.666666667,3.833333333,1.833333333,2.0,1.0,2.138888889
419,2.777777778,3.833333333,2.909090909,0.333333333,3.833333333,4.0,1.166666667,1.666666667,1.166666667,2.583333333
420,3.333333333,3.333333333,3.272727273,-0.428571429,3.833333333,3.666666667,3.5,2.833333333,4.166666667,0.25
421,1.222222222,4.0,3.636363636,1.523809524,4.166666667,4.333333333,0.5,0.666666667,0.333333333,3.75
422,1.555555556,4.0,4.0,0.904761905,3.666666667,3.166666667,2.0,2.833333333,1.333333333,1.361111111
423,1.666666667,4.5,3.818181818,1.619047619,4.166666667,4.166666667,2.166666667,1.333333333,0.5,2.833333333
424,1.555555556,4.166666667,4.0,1.047619048,3.833333333,4.166666667,1.5,1.166666667,1.166666667,2.722222222
425,2.777777778,3.833333333,3.909090909,0.142857143,3.166666667,3.5,1.166666667,0.5,0.833333333,2.5
426,1.777777778,4.3,3.909090909,1.619047619,3.666666667,3.166666667,2.0,2.5,1.833333333,1.305555556
427,3.333333333,3.5,4.0,-0.619047619,3.6,3.166666667,2.866666667,2.566666667,2.366666667,1.016666667
428,3.444444444,1.833333333,1.454545455,-1.238095238,3.166666667,2.666666667,4.0,5.0,3.5,-1.25
429,1.777777778,4.833333333,3.909090909,1.19047619,4.333333333,3.666666667,2.333333333,2.333333333,2.666666667,1.555555556
430,1.222222222,4.0,3.727272727,1.095238095,3.833333333,3.666666667,2.166666667,2.333333333,1.666666667,1.694444444
431,4.222222222,2.833333333,2.363636364,0.609523809,3.166666667,3.666666667,3.833333333,2.5,1.166666667,1.888888889
432,2.222222222,4.0,3.909090909,0.99047619,4.666666667,3.666666667,1.833333333,2.0,2.166666667,2.166666667
433,2.377777778,4.0,3.090909091,0.761904762,3.333333333,3.333333333,2.333333333,1.666666667,1.5,1.5
434,1.888888889,4.5,3.545454545,1.238095238,4.5,4.0,1.333333333,2.333333333,1.5,2.527777778
435,1.777777778,4.333333333,3.545454545,0.666666667,3.5,3.833333333,1.666666667,1.833333333,2.333333333,1.722222222
436,2.222222222,3.333333333,3.727272727,1.238095238,4.0,3.666666667,1.166666667,1.333333333,1.0,2.666666667
437,3.666666667,3.166666667,2.0,-0.142857143,4.0,2.5,0.833333333,3.0,1.666666667,1.416666667
438,3.777777778,3.166666667,3.545454545,-0.428571429,3.666666667,4.166666667,2.5,2.666666667,2.333333333,1.416666667
439,4.111111111,2.5,2.727272727,0.095238095,2.833333333,3.0,2.166666667,2.333333333,2.666666667,0.527777778
440,1.222222222,4.166666667,3.636363636,1.952380952,4.5,4.333333333,0.333333333,0.833333333,0.166666667,3.972222222
441,1.888888889,4.066666667,3.818181818,1.476190476,3.333333333,4.333333333,2.0,2.666666667,1.0,2.1
442,1.111111111,4.0,4.0,1.285714286,4.666666667,4.666666667,2.333333333,2.7,3.666666667,2.244444444
443,2.0,4.166666667,3.909090909,1.19047619,4.666666667,4.5,2.666666667,3.166666667,2.833333333,1.694444444
444,3.333333333,3.0,2.818181818,0.333333333,4.166666667,4.0,3.833333333,4.666666667,4.166666667,-0.138888889
445,1.888888889,4.5,4.0,0.761904762,3.666666667,2.833333333,3.5,3.833333333,3.5,-0.361111111
446,4.0,3.0,2.545454545,0.238095238,2.166666667,2.166666667,2.0,2.666666667,2.166666667,-0.111111111
447,1.222222222,4.666666667,3.636363636,1.333333333,4.2,4.5,2.333333333,2.5,2.5,2.527777778
448,1.444444444,3.0,3.545454545,1.333333333,4.0,4.166666667,0.666666667,0.666666667,1.166666667,3.25
449,1.888888889,4.0,3.363636364,0.619047619,3.666666667,3.0,2.666666667,2.333333333,2.5,0.833333333
450,1.444444444,4.166666667,3.418181818,1.857142857,4.333333333,4.5,1.0,0.666666667,0.166666667,3.805555556
451,1.0,4.0,2.636363636,1.285714286,3.333333333,3.666666667,2.833333333,2.833333333,1.166666667,1.222222222
452,1.666666667,4.166666667,3.727272727,1.666666667,4.333333333,4.0,1.333333333,1.666666667,1.5,2.666666667
453,1.444444444,4.166666667,3.363636364,1.428571429,3.333333333,4.333333333,1.666666667,2.666666667,0.833333333,2.111111111
454,4.0,2.666666667,2.363636364,-0.333333333,1.833333333,3.666666667,2.333333333,1.5,0.5,1.305555556
455,1.666666667,4.166666667,3.545454545,0.619047619,4.0,3.666666667,2.666666667,2.333333333,2.0,1.5
456,2.0,3.833333333,4.0,0.666666667,4.5,4.333333333,1.833333333,1.0,1.333333333,3.027777778
457,1.888888889,2.666666667,3.727272727,1.80952381,4.166666667,4.333333333,0.666666667,1.666666667,1.5,2.972222222
458,3.333333333,3.833333333,2.818181818,0.657142857,4.5,4.333333333,3.833333333,3.666666667,4.166666667,0.527777778
459,1.555555556,4.333333333,3.909090909,1.476190476,4.166666667,3.5,1.166666667,1.166666667,1.166666667,2.666666667
460,1.666666667,4.0,3.909090909,1.190476191,4.666666667,4.666666667,2.5,2.0,1.166666667,2.777777778
461,1.111111111,4.333333333,3.727272727,1.0,4.5,4.0,1.5,2.0,1.833333333,2.472222222
462,3.666666667,3.0,1.909090909,-1.285714286,3.666666667,3.833333333,3.333333333,4.0,2.0,0.638888889
463,3.777777778,3.666666667,3.363636364,0.238095238,4.333333333,3.333333333,3.333333333,3.333333333,4.833333333,-4.44e-16
464,3.0,2.5,2.636363636,-0.066666667,3.166666667,4.166666667,2.833333333,2.833333333,0.666666667,1.555555556
465,1.555555556,4.166666667,3.727272727,0.152380952,2.666666667,2.166666667,1.0,2.0,1.666666667,0.861111111
466,1.0,3.833333333,3.818181818,1.0,3.5,3.833333333,1.166666667,1.333333333,1.333333333,2.388888889
467,2.555555556,3.333333333,3.109090909,-1.0,4.166666667,3.666666667,3.5,4.5,3.166666667,0.194444444
468,3.222222222,2.0,2.181818182,-0.047619048,2.666666667,3.166666667,2.833333333,2.166666667,3.5,0.083333333
469,2.0,4.666666667,3.090909091,1.047619048,3.5,4.166666667,2.0,3.0,0.5,2.0
470,5.0,3.0,1.636363636,0.523809524,3.733333333,3.866666667,1.166666667,1.166666667,0.666666667,1.744444444
471,1.444444444,4.333333333,3.545454545,0.571428571,4.166666667,3.833333333,1.666666667,1.666666667,1.0,2.555555556
472,1.444444444,4.333333333,3.909090909,1.095238095,3.5,3.333333333,0.666666667,1.333333333,1.166666667,2.361111111
473,3.444444444,4.833333333,3.727272727,0.666666667,4.0,3.666666667,1.5,1.666666667,2.833333333,1.833333333
474,4.222222222,4.166666667,3.909090909,0.952380952,4.333333333,4.5,1.833333333,3.166666667,1.5,2.25
475,1.666666667,4.0,3.636363636,1.095238095,4.0,4.0,0.666666667,1.166666667,1.0,3.055555556
476,1.444444444,4.266666667,3.090909091,1.333333333,4.0,4.166666667,2.5,2.666666667,2.333333333,1.583333333
477,3.333333333,2.666666667,1.181818182,-0.380952381,3.333333333,2.5,3.666666667,2.166666667,3.166666667,-0.083333333
478,1.777777778,4.166666667,3.545454545,1.952380952,3.833333333,3.666666667,0.833333333,1.333333333,0.166666667,2.972222222
479,1.888888889,4.833333333,2.545454545,1.114285714,2.5,3.333333333,2.333333333,2.166666667,2.0,0.75
480,1.333333333,4.0,3.818181818,1.523809524,4.333333333,4.0,3.166666667,3.0,2.5,1.277777778
481,1.0,4.833333333,3.545454545,1.219047619,4.5,3.833333333,3.666666667,2.833333333,2.833333333,1.472222222
482,1.444444444,4.333333333,3.545454545,1.0,4.5,4.833333333,0.833333333,1.5,0.666666667,3.666666667
483,1.777777778,4.333333333,3.636363636,1.142857143,2.333333333,2.833333333,2.0,2.666666667,2.833333333,0.083333333
484,1.888888889,4.333333333,3.909090909,0.895238095,4.833333333,5.0,1.5,1.0,0.166666667,4.027777778
485,4.777777778,2.666666667,2.363636364,0.0,3.5,3.166666667,1.0,2.0,1.166666667,1.944444444
486,3.888888889,1.0,2.727272727,-0.238095238,3.833333333,3.666666667,3.833333333,3.833333333,3.666666667,-0.027777778
487,1.0,4.166666667,3.818181818,0.8,4.666666667,3.666666667,0.666666667,1.166666667,0.666666667,3.333333333
488,1.511111111,4.166666667,3.090909091,0.80952381,4.5,4.333333333,3.0,2.5,1.833333333,1.972222222
489,1.333333333,4.0,3.727272727,1.666666667,4.666666667,4.666666667,4.666666667,4.666666667,3.333333333,0.444444444
490,3.0,3.5,3.636363636,-0.714285714,2.0,2.166666667,2.833333333,3.5,3.0,-1.027777778
491,1.222222222,4.166666667,3.818181818,1.761904762,3.5,3.333333333,1.833333333,2.5,2.666666667,1.083333333
492,4.555555556,2.833333333,1.454545455,-0.619047619,3.666666667,2.666666667,3.0,5.0,4.666666667,-1.055555556
493,1.444444444,3.0,3.090909091,0.238095238,1.666666667,2.166666667,1.0,2.666666667,1.833333333,0.083333333
494,1.0,5.333333333,3.636363636,0.485714286,3.433333333,4.5,2.5,3.666666667,4.166666667,0.722222222
495,3.444444444,3.0,3.909090909,-0.380952381,4.333333333,3.5,3.0,3.666666667,3.833333333,0.416666667
496,1.444444444,4.666666667,3.727272727,1.428571429,4.0,4.5,1.0,1.333333333,1.166666667,3.083333333
497,2.555555556,2.833333333,2.090909091,-0.142857143,0.0,2.0,1.166666667,1.333333333,0.833333333,-0.111111111
498,3.444444444,1.833333333,2.181818182,-0.380952381,2.5,3.5,2.333333333,2.166666667,1.833333333,0.888888889
499,4.111111111,2.666666667,2.090909091,-0.476190476,3.666666667,3.833333333,4.166666667,3.833333333,1.733333333,0.916666667
500,3.555555556,2.5,2.727272727,-0.380952381,1.666666667,1.5,2.0,2.5,1.733333333,0.916666667
501,4.111111111,3.5,2.545454545,-0.619047619,2.166666667,3.333333333,0.666666667,1.0,0.666666667,1.972222222
502,4.888888889,1.833333333,2.618181818,-0.666666667,2.833333333,4.0,1.833333333,2.666666667,1.5,1.416666667
503,3.711111111,2.5,2.363636364,-0.904761905,2.0,4.166666667,2.333333333,3.0,4.0,-0.027777778
504,3.666666667,3.833333333,2.090909091,-1.047619048,3.833333333,3.833333333,2.166666667,1.833333333,2.666666667,1.611111111
505,3.333333333,2.666666667,2.636363636,-0.714285714,2.166666667,0.833333333,1.666666667,1.0,2.166666667,-0.111111111
506,2.555555556,4.0,3.363636364,-0.152380952,3.333333333,3.333333333,1.5,2.333333333,1.166666667,1.666666667
507,1.333333333,4.833333333,3.636363636,1.80952381,4.0,3.333333333,2.5,3.333333333,2.5,0.888888889
508,1.333333333,3.833333333,3.909090909,0.914285714,3.333333333,4.0,1.166666667,1.5,1.5,2.277777778
509,3.333333333,2.666666667,3.272727273,0.190476191,3.666666667,2.9,3.333333333,4.666666667,3.666666667,1.038888889
510,3.666666667,3.0,2.0,0.095238095,1.833333333,3.0,2.833333333,1.5,1.5,0.472222222
511,3.666666667,2.5,1.181818182,-0.857142857,1.5,1.833333333,1.333333333,1.833333333,0.5,0.444444444
512,2.688888889,4.333333333,3.818181818,-0.057142857,4.0,3.666666667,3.0,2.166666667,1.666666667,1.555555556
513,2.666666667,3.833333333,3.0,0.619047619,1.166666667,1.5,1.5,1.333333333,1.333333333,-0.055555556
514,1.222222222,4.0,1.454545455,-0.80952381,3.0,2.333333333,2.833333333,3.666666667,3.833333333,-0.777777778
515,2.111111111,4.0,3.272727273,0.666666667,4.333333333,3.833333333,2.333333333,3.0,2.0,1.638888889
516,4.111111111,3.166666667,3.109090909,0.333333333,3.5,4.166666667,1.666666667,1.666666667,2.833333333,1.777777778
517,3.333333333,2.666666667,1.0,-0.523809524,1.166666667,1.833333333,1.333333333,2.166666667,0.833333333,0.055555556
518,2.666666667,3.366666667,3.181818182,-0.19047619,3.0,3.5,2.666666667,3.5,4.166666667,-0.194444444
519,1.777777778,4.5,3.727272727,1.380952381,3.0,3.833333333,3.0,1.5,0.833333333,1.638888889
520,2.0,3.833333333,2.818181818,1.047619048,3.166666667,3.166666667,3.333333333,3.333333333,2.666666667,0.055555556
521,2.222222222,4.833333333,3.454545455,0.857142857,4.5,4.166666667,2.5,2.166666667,1.333333333,1.433333333
522,1.222222222,4.333333333,3.363636364,1.619047619,4.166666667,4.333333333,3.5,2.333333333,3.166666667,1.25
523,1.333333333,4.166666667,3.909090909,0.952380952,4.0,4.333333333,2.666666667,2.666666667,1.666666667,1.833333333
524,3.555555556,3.833333333,4.0,0.571428571,4.0,3.5,2.133333333,2.666666667,3.833333333,1.216666667
525,1.777777778,4.166666667,3.363636364,0.857142857,3.0,3.333333333,1.166666667,2.0,0.333333333,2.0
526,2.666666667,3.166666667,1.727272727,0.142857143,1.0,3.166666667,2.0,1.833333333,1.5,0.305555556
527,3.222222222,2.333333333,2.090909091,0.476190476,1.833333333,3.0,2.833333333,3.5,2.666666667,-0.583333333
528,2.888888889,2.5,1.363636364,-0.238095238,2.5,1.5,2.0,3.333333333,0.833333333,-0.055555556
529,2.222222222,4.333333333,4.0,0.857142857,3.166666667,4.333333333,2.0,1.5,0.166666667,2.527777778
530,1.0,4.333333333,3.818181818,1.142857143,3.333333333,4.666666667,1.333333333,0.666666667,0.5,3.166666667
531,1.0,3.5,2.181818182,1.476190476,3.833333333,3.166666667,2.166666667,2.5,3.666666667,0.722222222
532,1.333333333,4.0,3.818181818,1.761904762,4.166666667,4.666666667,1.666666667,1.833333333,1.0,2.916666667
533,3.888888889,2.5,2.181818182,1.285714286,3.0,3.333333333,3.833333333,4.0,4.0,-0.777777778
534,1.111111111,4.666666667,3.090909091,1.142857143,2.166666667,4.0,1.5,2.5,1.166666667,1.633333333
535,1.666666667,4.0,2.636363636,1.238095238,3.0,4.166666667,0.833333333,2.166666667,1.333333333,2.138888889
536,2.333333333,3.333333333,2.454545455,0.952380952,2.8,3.0,3.166666667,3.166666667,2.333333333,0.866666666
537,3.222222222,2.0,2.545454545,0.619047619,2.166666667,2.0,2.666666667,2.5,0.5,0.194444444
538,3.111111111,4.166666667,4.0,0.476190476,3.666666667,2.333333333,1.166666667,3.5,1.1,1.488888889
539,2.666666667,2.0,2.272727273,-0.142857143,1.5,2.5,2.166666667,2.0,0.5,0.444444444
540,1.888888889,3.666666667,3.545454545,1.380952381,4.166666667,3.833333333,1.166666667,2.0,1.833333333,2.333333333
541,1.333333333,4.666666667,3.636363636,1.047619048,3.333333333,4.0,1.333333333,1.5,1.166666667,2.333333333
542,3.555555556,2.833333333,2.0,-0.142857143,3.833333333,3.833333333,3.0,3.666666667,3.833333333,0.333333333
543,1.222222222,4.166666667,3.818181818,1.285714286,4.166666667,4.166666667,2.166666667,3.666666667,3.666666667,1.0
544,3.111111111,3.0,2.363636364,0.142857143,2.5,2.666666667,1.5,1.333333333,1.0,0.844444444
545,1.444444444,4.0,3.363636364,1.142857143,3.666666667,4.333333333,0.833333333,0.666666667,0.333333333,3.388888889
546,1.555555556,4.166666667,3.454545455,1.619047619,2.5,3.166666667,1.333333333,3.0,1.0,1.055555556
547,1.777777778,4.0,3.090909091,1.619047619,3.833333333,3.833333333,2.5,3.0,0.666666667,1.777777778
548,3.111111111,2.666666667,2.090909091,0.60952381,2.833333333,2.333333333,2.166666667,2.833333333,1.333333333,0.472222222
549,3.777777778,2.166666667,2.454545455,-0.333333333,0.666666667,2.166666667,2.5,2.0,1.0,-0.416666667
550,1.888888889,3.833333333,3.454545455,0.857142857,3.666666667,3.5,1.0,2.0,0.666666667,2.361111111
551,2.666666667,3.333333333,2.363636364,-0.714285714,3.0,2.166666667,1.333333333,3.166666667,2.833333333,0.138888889
552,4.111111111,3.166666667,2.454545455,-1.428571429,2.666666667,3.166666667,1.333333333,1.833333333,1.166666667,1.472222222
553,2.555555556,2.166666667,2.0,0.476190476,2.166666667,2.333333333,3.166666667,3.666666667,3.666666667,-1.25
554,4.0,2.333333333,2.0,-0.571428571,2.333333333,2.833333333,3.666666667,3.0,1.166666667,-0.027777778
555,3.666666667,2.666666667,2.4,-1.0,1.333333333,1.166666667,0.833333333,0.833333333,1.5,0.194444444
556,3.555555556,2.333333333,2.727272727,-0.714285714,3.666666667,2.833333333,3.166666667,2.833333333,2.333333333,0.472222222
557,3.888888889,2.833333333,2.909090909,-0.476190476,2.666666667,1.333333333,2.333333333,2.333333333,1.666666667,-0.111111111
558,3.111111111,2.666666667,2.454545455,-0.714285714,4.666666667,3.833333333,3.833333333,4.666666667,4.666666667,-0.138888889
559,2.111111111,3.3,3.636363636,1.0,3.833333333,3.366666667,1.5,1.5,2.166666667,1.433333333
560,3.777777778,2.666666667,2.818181818,-0.333333333,1.666666667,2.833333333,3.166666667,2.633333333,3.833333333,0.088888889
561,2.888888889,2.5,1.272727273,-0.095238095,2.5,2.0,2.333333333,3.0,1.0,0.138888889
562,2.777777778,2.333333333,1.090909091,-0.161904762,1.0,3.0,3.333333333,1.833333333,0.5,0.111111111
563,3.444444444,2.666666667,2.818181818,-0.523809524,2.166666667,1.5,2.166666667,3.0,3.833333333,-1.166666667
564,1.555555556,4.0,2.909090909,1.333333333,4.0,4.833333333,0.666666667,0.833333333,0.166666667,3.861111111
565,3.666666667,1.666666667,2.272727273,-0.857142857,2.333333333,2.833333333,2.333333333,2.833333333,3.0,-0.138888889
566,5.0,2.833333333,2.909090909,-1.523809524,2.0,3.166666667,3.166666667,2.666666667,1.333333333,0.194444444
567,4.555555556,3.0,2.363636364,-0.142857143,3.0,1.0,0.833333333,0.666666667,0.0,1.5
568,1.666666667,4.166666667,3.363636364,1.19047619,4.0,3.166666667,1.0,2.166666667,1.333333333,2.083333333
569,2.111111111,4.5,3.909090909,0.523809524,2.166666667,3.0,1.333333333,2.166666667,1.166666667,1.027777778
570,3.555555556,2.666666667,2.545454545,-0.523809524,3.166666667,2.833333333,3.333333333,3.0,2.333333333,0.111111111
571,2.111111111,4.333333333,3.454545455,0.619047619,1.333333333,3.333333333,1.0,1.5,0.333333333,1.388888889
572,1.222222222,4.333333333,3.636363636,1.285714286,4.5,3.0,1.5,0.833333333,1.5,2.472222222
573,2.444444444,4.333333333,3.454545455,0.619047619,4.166666667,4.166666667,2.0,1.833333333,0.333333333,2.777777778
574,3.888888889,2.666666667,2.272727273,-0.333333333,3.666666667,3.666666667,3.666666667,2.5,3.0,0.611111111
